HYBAS_ID,h_flood_prone_terrain,hydrobasins_upstream_area_km2,hydrobasins_local_area_km2,hydrobasins_upstream_to_local_area_ratio,hydrobasins_dist_main,hydrobasins_dist_sink,hydrobasins_order,hydrobasins_pfaf_id,hydrobasins_main_bas,hydrobasins_next_down
4060009880,14.462194654602019,1909198.6,4424.8,431.47681251129995,0.0,0.0,1,434100,4060009880,0
4060694350,14.365190173803436,1732696.8,2102.1,824.2694448408735,67.1,67.1,1,434301,4060009880,4060009880
4060694190,12.055717088439142,172079.4,17568.4,9.794824799071058,67.3,67.3,2,434210,4060009880,4060009880
4060696300,14.359265510950818,1722461.5,4966.4,346.8229502255155,139.1,139.1,1,434303,4060009880,4060694350
4060696170,9.004508603280568,8138.7,8138.7,1.0,139.3,139.3,2,434302,4060009880,4060694350
4060713110,9.843238485190284,18829.6,18828.6,1.000053110693307,245.8,245.8,2,434304,4060009880,4060696300
4060713100,14.345358857884792,1698673.6,985.0,1724.541725888325,245.9,245.9,1,434305,4060009880,4060696300
4060720580,14.337404778180435,1685215.8,14981.5,112.48645329239396,277.7,277.7,1,434307,4060009880,4060713100
4060720570,9.431698330067237,12476.7,12476.7,1.0,277.8,277.8,2,434306,4060009880,4060713100
4060668010,11.882125540926676,144656.7,6108.1,23.68276550809581,285.1,285.1,2,434230,4060009880,4060694190
4060667920,9.195713925114019,9853.8,9853.7,1.0000101484721473,285.1,285.1,3,434220,4060009880,4060694190
4060670370,9.483964087176924,13146.2,13146.2,1.0,397.4,397.4,3,434240,4060009880,4060668010
4060670500,11.739281450886715,125401.2,3124.5,40.134805568891025,397.4,397.4,2,434250,4060009880,4060668010
4060675920,9.633507864197352,15266.9,15266.6,1.000019650740833,487.9,487.9,3,434260,4060009880,4060670500
4060676030,11.580687846381354,107010.1,16629.1,6.435110739607075,488.1,488.1,2,434270,4060009880,4060670500
4060750160,14.325107006603945,1664618.3,9011.5,184.72155578982412,496.6,496.6,1,434309,4060009880,4060720580
4060750050,8.63755068807997,5638.5,5638.5,1.0,496.8,496.8,2,434308,4060009880,4060720580
4060689020,10.549042476149204,38139.9,2005.4,19.0185997805924,615.0,615.0,2,434291,4060009880,4060676030
4060689150,10.863643962223515,52241.1,68.3,764.8770131771596,615.1,615.1,3,434281,4060009880,4060676030
4060690330,10.724447304389635,45452.6,7125.2,6.379133217313198,620.3,620.3,3,434283,4060009880,4060689150
4060690450,8.813051745152153,6720.4,6720.4,1.0,620.3,620.3,4,434282,4060009880,4060689150
4060773130,14.21643229390359,1493199.4,2322.9,642.8169098971113,622.7,622.7,1,434501,4060009880,4060750160
4060773260,11.997973482753336,162424.3,1070.7,151.69916876809563,622.9,622.9,2,434410,4060009880,4060750160
4060783970,11.032008096942903,61820.6,1841.6,33.56896177237185,666.5,666.5,3,434421,4060009880,4060773260
4060783960,11.508251559270336,99532.7,2030.7,49.013985325257295,666.6,666.6,2,434430,4060009880,4060773260
4060791820,11.323087329344613,82708.3,1725.8,47.924614671456716,698.1,698.1,2,434450,4060009880,4060783960
4060791810,9.602010769062158,14793.5,14793.5,1.0,698.3,698.3,3,434440,4060009880,4060783960
4060769140,14.21134907880866,1485628.4,7618.4,195.0053029507508,709.1,709.1,1,434503,4060009880,4060773130
4060769560,8.567791244179329,5258.5,5258.5,1.0,709.1,709.1,2,434502,4060009880,4060773130
4060794670,9.973512557856319,21449.7,21449.6,1.0000046620916008,713.5,713.5,4,434422,4060009880,4060783970
4060794820,10.559195032997058,38529.1,533.2,72.26012753188296,713.5,713.5,3,434423,4060009880,4060783970
4060688870,8.821983086968183,6780.7,6780.5,1.0000294963498266,725.6,725.6,4,434284,4060009880,4060690330
4060689010,10.359255965153535,31546.7,2409.2,13.09426365598539,725.9,725.9,3,434285,4060009880,4060690330
4060676710,10.375617045531436,32067.1,6330.7,5.06533242769362,738.9,738.9,2,434293,4060009880,4060689020
4060676890,8.31115254800169,4068.0,4068.0,1.0,739.1,739.1,3,434292,4060009880,4060689020
4060804910,9.737409355176375,16938.6,1557.1,10.878299402735855,757.9,757.9,3,434425,4060009880,4060794820
4060804900,9.955073804007561,21057.8,21056.9,1.0000427413341944,758.1,758.1,4,434424,4060009880,4060794820
4060691530,9.482951952895224,13132.9,13132.7,1.000015229160797,769.5,769.5,4,434286,4060009880,4060689010
4060691810,9.680700187779953,16004.7,566.8,28.236944248412144,769.6,769.6,3,434287,4060009880,4060689010
4060752890,14.203962831682702,1474695.6,215.7,6836.789986091795,790.1,790.1,1,434505,4060009880,4060769140
4060752770,8.107689940974975,3318.9,3318.5,1.0001205363869219,790.1,790.1,2,434504,4060009880,4060769140
4060817390,11.19996113945763,73126.6,16943.1,4.316010647402188,803.4,803.4,2,434470,4060009880,4060791820
4060817380,8.969185587860121,7856.2,7855.9,1.0000381878588067,803.4,803.4,3,434460,4060009880,4060791820
4060752200,14.201623141464845,1471249.3,130.3,11291.245587106676,807.9,807.9,1,434507,4060009880,4060752890
4060752520,8.081258566491874,3232.3,3232.3,1.0,807.9,807.9,2,434506,4060009880,4060752890
4060693500,7.758162585740666,2339.6,2339.6,1.0,819.8,819.8,4,434288,4060009880,4060691810
4060693490,9.480314072647033,13098.3,13098.3,1.0,820.0,820.0,3,434289,4060009880,4060691810
4060748320,14.198450808868333,1466589.4,7315.9,200.4660260528438,824.2,824.2,1,434509,4060009880,4060752200
4060748330,8.418874490547458,4530.8,4530.8,1.0,824.4,824.4,2,434508,4060009880,4060752200
4060817150,9.439871479348433,12579.1,7572.3,1.661199371393104,844.2,844.2,3,434427,4060009880,4060804910
4060817400,7.93905186036538,2803.7,2803.7,1.0,844.3,844.3,4,434426,4060009880,4060804910
4060748310,14.073229356636926,1293973.9,22235.0,58.19536316617944,902.2,902.2,1,434700,4060009880,4060748320
4060748300,12.015560235094803,165306.1,508.2,325.27764659582846,902.2,902.2,2,434610,4060009880,4060748320
4060656300,9.886254919972586,19657.3,0.5,39314.6,903.7,903.7,2,434295,4060009880,4060676710
4060656150,8.712727079682328,6078.8,6078.6,1.0000329023130325,903.9,903.9,3,434294,4060009880,4060676710
4060656290,9.450584865103089,12714.6,3883.3,3.274174027244869,904.1,904.1,2,434297,4060009880,4060656300
4060656140,8.84554684707706,6942.4,6942.4,1.0,904.3,904.3,3,434296,4060009880,4060656300
4060744670,11.88681183881373,145336.2,14961.3,9.714142487618055,946.7,946.7,2,434630,4060009880,4060748300
4060744360,9.876260230281645,19461.8,19461.8,1.0,946.7,946.7,3,434620,4060009880,4060748300
4060859240,9.115612022875542,9095.2,9095.1,1.0000109949313367,1013.1,1013.1,3,434480,4060009880,4060817390
4060859250,10.759813819642225,47088.9,86.5,544.3803468208092,1013.3,1013.3,2,434491,4060009880,4060817390
4060816210,7.919828806233008,2750.3,2750.0,1.000109090909091,1017.2,1017.2,4,434428,4060009880,4060817150
4060816400,7.7221018749439265,2256.7,2256.7,1.0,1017.4,1017.4,3,434429,4060009880,4060817150
4060861310,8.031287796610469,3074.7,3074.7,1.0,1025.1,1025.1,3,434492,4060009880,4060859250
4060861390,10.690329973223367,43928.0,9167.1,4.791918927468883,1025.3,1025.3,2,434493,4060009880,4060859250
4060654030,8.56746796728986,5256.8,5256.8,1.0,1042.9,1042.9,2,434299,4060009880,4060656290
4060654220,8.18202810010823,3575.1,3575.0,1.0000279720279721,1042.9,1042.9,3,434298,4060009880,4060656290
4060783120,13.826668970673797,1011219.9,3925.2,257.62251605013756,1134.2,1134.2,1,434911,4060009880,4060748310
4060783330,12.47055888777873,260551.3,6993.3,37.25727482018503,1134.2,1134.2,2,434810,4060009880,4060748310
4060795650,11.927753933017966,151410.1,1134.3,133.4832936612889,1186.0,1186.0,2,434830,4060009880,4060783330
4060795660,11.534189768594935,102148.2,19222.7,5.31393612759914,1186.2,1186.2,3,434821,4060009880,4060783330
4060897200,8.952307712547396,7724.7,7724.7,1.0,1211.6,1211.6,3,434494,4060009880,4060861390
4060897210,10.204980070261314,27036.5,212.1,127.47053276756247,1211.7,1211.7,2,434495,4060009880,4060861390
4060896760,8.965181246604292,7824.8,7824.7,1.0000127800426855,1231.9,1231.9,3,434496,4060009880,4060897210
4060802670,11.701528087837191,120755.1,562.3,214.75208963186913,1232.1,1232.1,2,434850,4060009880,4060795650
4060896610,9.852215310558552,18999.4,4087.6,4.6480575398767,1232.1,1232.1,2,434497,4060009880,4060897210
4060802680,10.292884252465228,29520.8,29520.5,1.0000101624294981,1232.2,1232.2,3,434840,4060009880,4060795650
4060801390,11.443447833148827,93287.1,14070.3,6.630071853478604,1274.3,1274.3,2,434870,4060009880,4060802670
4060801220,10.200152904238953,26906.3,26906.3,1.0,1274.6,1274.6,3,434860,4060009880,4060802670
4060893870,8.87269745037063,7133.5,7133.5,1.0,1284.5,1284.5,2,434499,4060009880,4060896610
4060893880,8.959195929246913,7778.1,7778.0,1.0000128567755207,1284.7,1284.7,3,434498,4060009880,4060896610
4060835350,8.881058224600306,7193.4,7193.4,1.0,1374.5,1374.5,4,434822,4060009880,4060795660
4060835360,11.234979839113869,75732.8,10666.7,7.099927812725585,1374.7,1374.7,3,434823,4060009880,4060795660
4060756940,13.81547655738626,999965.0,2075.6,481.7715359414145,1380.6,1380.6,1,434913,4060009880,4060783120
4060756820,8.89918494333876,7325.0,7324.8,1.0000273044997816,1380.8,1380.8,2,434912,4060009880,4060783120
4060704560,10.088002535344804,24051.7,24051.3,1.0000166311176528,1381.7,1381.7,3,434640,4060009880,4060744670
4060704410,11.574242552859035,106322.6,11720.5,9.071507188259886,1381.9,1381.9,2,434650,4060009880,4060744670
4060752740,13.796522928467146,981190.5,13357.8,73.4544984952612,1472.4,1472.4,1,434915,4060009880,4060756940
4060752870,9.737733985469593,16944.1,16944.1,1.0,1472.4,1472.4,2,434914,4060009880,4060756940
4060687420,11.270266470118635,78452.9,4553.1,17.230656036546527,1508.2,1508.2,2,434670,4060009880,4060704410
4060687330,9.689669136681168,16148.9,16148.9,1.0,1508.3,1508.3,3,434660,4060009880,4060704410
4060856600,9.243233415278208,10333.4,10333.4,1.0,1520.6,1520.6,4,434824,4060009880,4060835360
4060856770,10.910251329573706,54733.6,1295.8,42.239234449760765,1520.8,1520.8,3,434825,4060009880,4060835360
4060863840,9.374141479132758,11778.8,11778.7,1.0000084899012622,1579.1,1579.1,4,434826,4060009880,4060856770
4060863830,10.63728951363685,41658.7,20299.1,2.0522436955332997,1579.2,1579.2,3,434827,4060009880,4060856770
4060815910,11.009664490296505,60454.6,5890.2,10.263590370445826,1587.8,1587.8,2,434891,4060009880,4060801390
4060815730,9.872739643587348,19393.4,19393.4,1.0,1588.0,1588.0,3,434880,4060009880,4060801390
4060680810,11.025560801313048,61423.3,4207.8,14.597485621940207,1633.0,1633.0,2,434691,4060009880,4060687420
4060681060,9.431762442392053,12477.5,12477.5,1.0,1633.0,1633.0,3,434680,4060009880,4060687420
4060830030,10.757438943302652,46977.2,6908.3,6.800110012593546,1678.5,1678.5,2,434893,4060009880,4060815910
4060830110,8.934323331054905,7587.0,7587.0,1.0,1678.5,1678.5,3,434892,4060009880,4060815910
4060732820,13.778458635283807,963625.1,11578.5,83.22538325344388,1685.7,1685.7,1,434917,4060009880,4060752740
4060732480,8.391425865980748,4408.1,4408.1,1.0,1685.7,1685.7,2,434916,4060009880,4060752740
4060678630,10.85061006248195,51564.6,2716.5,18.98199889563777,1720.4,1720.4,2,434693,4060009880,4060680810
4060678440,8.639800128882534,5651.2,5651.2,1.0,1720.5,1720.5,3,434692,4060009880,4060680810
4060679920,10.65755342931545,42511.5,10785.4,3.94157843009995,1806.3,1806.3,2,434695,4060009880,4060678630
4060679720,8.754255426867653,6336.6,6336.6,1.0,1806.3,1806.3,3,434694,4060009880,4060678630
4060736820,13.760926275262996,946877.7,9737.7,97.23833143350072,1818.3,1818.3,1,434919,4060009880,4060732820
4060736830,8.549970110930175,5165.6,5165.6,1.0,1818.3,1818.3,2,434918,4060009880,4060732820
4060857710,10.487157421718035,35851.1,235.5,152.23397027600848,1840.4,1840.4,2,434895,4060009880,4060830030
4060857900,8.347258598433172,4217.6,4217.6,1.0,1840.4,1840.4,3,434894,4060009880,4060830030
4060884440,9.40379143211288,12133.3,12133.3,1.0,1861.0,1861.0,3,434829,4060009880,4060863830
4060884430,9.12995427201693,9226.6,9226.6,1.0,1861.0,1861.0,4,434828,4060009880,4060863830
4060855550,10.135796968674631,25229.2,702.9,35.893014653578035,1864.5,1864.5,2,434897,4060009880,4060857710
4060855410,9.2483776928893,10386.7,10386.7,1.0,1864.7,1864.7,3,434896,4060009880,4060857710
4060857280,9.783329198042276,17734.6,17734.2,1.0000225552886512,1906.8,1906.8,2,434899,4060009880,4060855550
4060857570,8.823647949191303,6792.0,6792.0,1.0,1906.8,1906.8,3,434898,4060009880,4060855550
4060688510,8.497704514832375,4902.5,4902.5,1.0,1930.7,1930.7,3,434696,4060009880,4060679920
4060688400,10.19706347209784,26823.3,18312.4,1.4647615823158078,1930.9,1930.9,2,434697,4060009880,4060679920
4060774570,11.37135844442127,86798.7,4290.6,20.229967836666198,2060.1,2060.1,2,434921,4060009880,4060736820
4060774560,13.653387432478697,850335.5,11137.3,76.35023749023551,2060.3,2060.3,1,434930,4060009880,4060736820
4060789820,11.220638137926452,74654.4,11987.3,6.227791078891827,2148.1,2148.1,2,434923,4060009880,4060774570
4060789960,8.968841894939995,7853.5,7853.5,1.0,2148.3,2148.3,3,434922,4060009880,4060774570
4060779600,11.977799083181624,159180.3,2358.1,67.50362580043254,2187.2,2187.2,2,434941,4060009880,4060774560
4060779690,13.42987381211526,680016.5,1260.1,539.6528053329101,2187.4,2187.4,1,434951,4060009880,4060774560
4060671040,8.436872111667457,4613.1,4612.8,1.0000650364203956,2225.6,2225.6,3,434698,4060009880,4060688400
4060670890,8.268552328828498,3898.3,3898.3,1.0,2225.8,2225.8,2,434699,4060009880,4060688400
4060788460,8.86807538975411,7100.6,7100.6,1.0,2241.4,2241.4,2,434952,4060009880,4060779690
4060788450,13.417501732561135,671655.1,4852.1,138.42565074916016,2241.6,2241.6,1,434953,4060009880,4060779690
4060801670,10.963135495186094,57706.1,17236.6,3.3478818328440645,2251.0,2251.0,2,434925,4060009880,4060789820
4060801680,8.585001361421432,5349.8,5349.8,1.0,2251.1,2251.1,3,434924,4060009880,4060789820
4060765990,10.491390877299887,36003.2,36002.5,1.0000194430942295,2280.0,2280.0,3,434942,4060009880,4060779600
4060765830,11.702052975296485,120818.5,28.3,4269.204946996466,2280.0,2280.0,2,434943,4060009880,4060779600
4060764560,10.569186452136844,38916.0,38915.9,1.0000025696437702,2288.1,2288.1,3,434944,4060009880,4060765830
4060764320,11.312952637052978,81874.3,21360.9,3.8329049805953868,2288.2,2288.2,2,434945,4060009880,4060765830
4060804580,9.845551189113033,18873.2,18872.8,1.0000211945233353,2369.0,2369.0,2,434954,4060009880,4060788450
4060804380,13.38153979685817,647930.2,1070.0,605.5422429906541,2369.2,2369.2,1,434955,4060009880,4060788450
4060801370,10.232474702804637,27790.2,27790.2,1.0,2439.9,2439.9,2,434956,4060009880,4060804380
4060801560,13.335977346138401,619071.3,7599.6,81.46103742302226,2439.9,2439.9,1,434957,4060009880,4060804380
4060806110,13.315953372863232,606798.3,48.4,12537.154958677687,2569.2,2569.2,1,434959,4060009880,4060801560
4060806290,8.469849979905717,4767.8,4767.8,1.0,2569.3,2569.3,2,434958,4060009880,4060801560
4060805770,11.81522468450093,135295.6,11167.7,12.114902800039399,2573.3,2573.3,2,434961,4060009880,4060806110
4060805930,13.06357957274388,471454.3,234.0,2014.7619658119659,2573.5,2573.5,1,434971,4060009880,4060806110
4060853730,8.788166445804755,6555.2,6555.2,1.0,2591.5,2591.5,3,434926,4060009880,4060801670
4060853610,10.43164510688045,33915.1,16462.6,2.0601302345923487,2591.5,2591.5,2,434927,4060009880,4060801670
4060810520,9.618827575616669,15044.4,15044.4,1.0,2603.1,2603.1,2,434972,4060009880,4060805930
4060810390,13.030973264089623,456329.8,11167.7,40.861574003599664,2603.3,2603.3,1,434973,4060009880,4060805930
4060780110,11.409591782785899,90181.6,21.7,4155.834101382489,2734.7,2734.7,2,434963,4060009880,4060805770
4060780120,10.43257049257295,33946.5,33946.2,1.0000088375134772,2734.7,2734.7,3,434962,4060009880,4060805770
4060780100,11.254512185073708,77226.6,24561.5,3.1442135048755167,2739.9,2739.9,2,434965,4060009880,4060780110
4060779790,9.46762251353688,12933.1,12932.7,1.000030929349633,2739.9,2739.9,3,434964,4060009880,4060780110
4060867050,8.867934566501141,7099.6,7099.6,1.0,2784.1,2784.1,2,434929,4060009880,4060853610
4060867040,9.27120966973937,10626.6,10626.6,1.0,2784.2,2784.2,3,434928,4060009880,4060853610
4060693050,10.248862895766381,28249.4,28249.4,1.0,2882.1,2882.1,3,434946,4060009880,4060764320
4060693040,10.3817135353934,32263.2,6987.9,4.617009401966256,2882.3,2882.3,2,434947,4060009880,4060764320
4060847390,9.5033084488572,13403.0,13403.0,1.0,2912.8,2912.8,2,434974,4060009880,4060810390
4060847380,12.976319515021604,432058.9,16407.9,26.33237038255962,2913.0,2913.0,1,434975,4060009880,4060810390
4060680220,9.737680871359817,16943.2,16943.2,1.0,2988.5,2988.5,2,434949,4060009880,4060693040
4060680470,9.028014815174227,8332.3,8331.6,1.0000840174756347,2988.7,2988.7,3,434948,4060009880,4060693040
4060882890,12.909094163956883,403968.3,8349.8,48.380595942417784,3106.7,3106.7,1,434977,4060009880,4060847380
4060883040,9.366223835380763,11685.9,11685.9,1.0,3106.8,3106.8,2,434976,4060009880,4060847380
4060738870,8.567753217027938,5258.3,5258.3,1.0,3228.5,3228.5,3,434966,4060009880,4060780100
4060738860,10.766554707172284,47407.4,8182.3,5.793896581645748,3228.7,3228.7,2,434967,4060009880,4060780100
4060894110,12.864457041590928,386332.8,1195.4,323.18286765936085,3254.8,3254.8,1,434979,4060009880,4060882890
4060894390,9.136489289900302,9287.1,9286.9,1.0000215357115938,3254.8,3254.8,2,434978,4060009880,4060882890
4060872820,12.456651192005356,256952.7,24955.7,10.29635313776011,3348.5,3348.5,1,434991,4060009880,4060894110
4060872680,11.761240733598006,128185.4,215.6,594.551948051948,3348.7,3348.7,2,434981,4060009880,4060894110
4060869640,9.31148802598103,11063.4,11063.4,1.0,3365.1,3365.1,3,434982,4060009880,4060872680
4060869520,11.669137447424168,116906.4,14843.4,7.875985286389911,3365.3,3365.3,2,434983,4060009880,4060872680
4060710060,9.681986401743488,16025.3,16025.3,1.0,3370.0,3370.0,2,434969,4060009880,4060738860
4060709860,10.051980830831926,23200.7,23200.7,1.0,3370.0,3370.0,3,434968,4060009880,4060738860
4060828450,11.326010173113296,82950.4,5743.1,14.443488708188955,3724.6,3724.6,2,434985,4060009880,4060869520
4060828460,9.85818156157973,19113.1,19113.1,1.0,3724.6,3724.6,3,434984,4060009880,4060869520
4060837180,9.536603529986198,13856.8,13855.9,1.0000649542794044,3776.5,3776.5,2,434992,4060009880,4060872820
4060837170,12.296495903761103,218926.5,16429.0,13.325613244871873,3776.7,3776.7,1,434993,4060009880,4060872820
4060784200,8.677609912822142,5869.0,5869.0,1.0,3934.8,3934.8,3,434986,4060009880,4060828450
4060784050,11.175213860650056,71339.1,7864.0,9.071604781281792,3934.8,3934.8,2,434987,4060009880,4060828450
4060758990,10.697818538430388,44258.2,44258.2,1.0,4042.1,4042.1,2,434989,4060009880,4060784050
4060758850,9.863592211872872,19216.8,19216.8,1.0,4042.2,4042.2,3,434988,4060009880,4060784050
4060818790,9.409854944840625,12207.1,12207.1,1.0,4121.6,4121.6,2,434994,4060009880,4060837170
4060818780,12.156326574627444,190293.2,86190.4,2.2078236091258425,4121.8,4121.8,1,434995,4060009880,4060837170
4060625570,11.32279953311203,82684.5,34612.5,2.3888624052004332,5308.4,5308.4,1,434997,4060009880,4060818780
4060625430,10.012606496445715,22304.9,22304.9,1.0,5308.4,5308.4,2,434996,4060009880,4060818780
4060642530,9.863009248947378,19205.6,19205.6,1.0,5576.8,5576.8,1,434999,4060009880,4060625570
4060642770,10.342339079661926,31017.5,31017.5,1.0,5576.8,5576.8,2,434998,4060009880,4060625570
4060051560,9.127795369506067,9206.7,9206.7,1.0,3349.5,0.0,2,434990,4060009880,4060872820
