HYBAS_ID,hydrobasins_attribute__h_flood_prone_terrain,hydrobasins_upstream_area_km2,hydrobasins_local_area_km2,hydrobasins_upstream_to_local_area_ratio,hydrobasins_dist_main,hydrobasins_dist_sink,hydrobasins_order,hydrobasins_pfaf_id,hydrobasins_main_bas,hydrobasins_next_down,h_precip_variability,h_drought_intensity,h_flood_prone_terrain,e_population_density,e_built_up_fraction,e_cropland_fraction,s_slope_mean,s_ecological_fragility,s_water_stress_proxy,a_surface_water_fraction,a_green_blue_space_fraction,a_economic_proxy
4060009880,14.46219465460202,1909198.6,4424.8,431.4768125113,0.0,0.0,1,434100,4060009880,0,0.6305541349737023,3,87,1191.041,47,60,0,100.0,188,3,7,21923
4060051560,9.127795369506067,9206.7,9206.7,1.0,3349.5,0.0,2,434990,4060009880,4060872820,1.219638740858192,59,13,0.015,0,0,41,100.0,302,74,88,9989
4060625430,10.012606496445716,22304.9,22304.9,1.0,5308.4,5308.4,2,434996,4060009880,4060818780,1.1734104763132145,55,12,0.096,0,0,44,100.0,300,16,20,9989
4060625570,11.32279953311203,82684.5,34612.5,2.388862405200433,5308.4,5308.4,1,434997,4060009880,4060818780,1.141720648711841,42,4,0.283,0,0,56,100.0,273,1,4,9989
4060642530,9.863009248947378,19205.6,19205.6,1.0,5576.8,5576.8,1,434999,4060009880,4060625570,1.2619509316015955,52,17,0.027,0,0,48,100.0,295,14,17,9989
4060642770,10.342339079661926,31017.5,31017.5,1.0,5576.8,5576.8,2,434998,4060009880,4060625570,1.1731763823053396,35,13,0.096,0,0,58,100.0,238,5,13,9926
4060654030,8.56746796728986,5256.8,5256.8,1.0,1042.9,1042.9,2,434299,4060009880,4060656290,0.7868559065115835,36,11,489.463,16,41,72,83.0,536,1,18,10225
4060654220,8.18202810010823,3575.1,3575.0,1.000027972027972,1042.9,1042.9,3,434298,4060009880,4060656290,0.7839746860796245,36,14,644.46,25,35,63,86.0,542,17,34,10225
4060656140,8.84554684707706,6942.4,6942.4,1.0,904.3,904.3,3,434296,4060009880,4060656300,0.8193872444636191,40,22,802.043,21,68,18,100.0,576,1,1,10225
4060656150,8.712727079682328,6078.8,6078.6,1.0000329023130323,903.9,903.9,3,434294,4060009880,4060676710,0.8851667186971172,44,19,1298.83,28,65,11,100.0,619,1,1,10225
4060656290,9.450584865103089,12714.6,3883.3,3.274174027244869,904.1,904.1,2,434297,4060009880,4060656300,0.782939466375312,36,28,596.126,20,58,19,100.0,534,2,2,10225
4060656300,9.886254919972586,19657.3,0.5,39314.6,903.7,903.7,2,434295,4060009880,4060676710,0.8020897306703326,37,100,3025.552,100,67,3,100.0,548,0,0,10225
4060667920,9.19571392511402,9853.8,9853.7,1.0000101484721473,285.1,285.1,3,434220,4060009880,4060694190,0.9069674487082448,35,57,532.086,15,68,6,91.0,499,52,73,12934
4060668010,11.882125540926676,144656.7,6108.1,23.68276550809581,285.1,285.1,2,434230,4060009880,4060694190,0.6961845790387466,20,78,286.021,7,46,12,91.0,349,52,90,11169
4060670370,9.483964087176924,13146.2,13146.2,1.0,397.4,397.4,3,434240,4060009880,4060668010,0.892500112534092,35,41,580.083,13,69,1,97.0,515,4,8,9219
4060670500,11.739281450886716,125401.2,3124.5,40.13480556889103,397.4,397.4,2,434250,4060009880,4060668010,0.7544378065373513,25,62,600.157,15,61,8,92.0,405,25,39,8640
4060670890,8.268552328828498,3898.3,3898.3,1.0,2225.8,2225.8,2,434699,4060009880,4060688400,0.7986183342871526,5,1,37.063,1,10,215,3.0,193,1,98,11287
4060671040,8.436872111667457,4613.1,4612.8,1.0000650364203956,2225.6,2225.6,3,434698,4060009880,4060688400,0.8254646881932669,13,1,117.854,4,14,182,20.0,268,0,80,11339
4060675920,9.633507864197352,15266.9,15266.6,1.000019650740833,487.9,487.9,3,434260,4060009880,4060670500,0.9424599143512042,40,32,724.79,15,70,0,99.0,577,1,2,9786
4060676030,11.580687846381354,107010.1,16629.1,6.435110739607075,488.1,488.1,2,434270,4060009880,4060670500,0.7094534663649061,27,54,559.65,13,69,3,99.0,437,25,31,8865
4060676710,10.375617045531436,32067.1,6330.7,5.06533242769362,738.9,738.9,2,434293,4060009880,4060689020,0.8128340915874385,33,34,869.009,19,71,1,99.0,506,0,1,9690
4060676890,8.31115254800169,4068.0,4068.0,1.0,739.1,739.1,3,434292,4060009880,4060689020,0.7322352083360689,31,28,800.217,20,71,1,100.0,483,0,0,9566
4060678440,8.639800128882534,5651.2,5651.2,1.0,1720.5,1720.5,3,434692,4060009880,4060680810,0.7007803332225071,19,0,110.791,3,12,213,43.0,323,0,57,11345
4060678630,10.85061006248195,51564.6,2716.5,18.98199889563777,1720.4,1720.4,2,434693,4060009880,4060680810,0.6889816549466279,25,1,116.104,5,18,218,60.0,406,0,40,11381
4060679720,8.754255426867653,6336.6,6336.6,1.0,1806.3,1806.3,3,434694,4060009880,4060678630,0.7311826857807822,13,1,66.911,1,10,230,13.0,276,0,87,11287
4060679920,10.65755342931545,42511.5,10785.4,3.94157843009995,1806.3,1806.3,2,434695,4060009880,4060678630,0.723630804898098,8,1,151.465,4,21,202,51.0,274,5,54,11340
4060680220,9.737680871359816,16943.2,16943.2,1.0,2988.5,2988.5,2,434949,4060009880,4060693040,0.8311870664967418,24,2,54.593,1,8,247,34.0,330,0,66,13880
4060680470,9.028014815174227,8332.3,8331.6,1.0000840174756347,2988.7,2988.7,3,434948,4060009880,4060693040,0.8028932753509617,17,0,25.181,0,4,281,23.0,288,0,77,16391
4060680810,11.025560801313048,61423.3,4207.8,14.597485621940208,1633.0,1633.0,2,434691,4060009880,4060687420,0.6704936840676687,25,3,107.772,5,12,183,40.0,414,0,60,11520
4060681060,9.431762442392053,12477.5,12477.5,1.0,1633.0,1633.0,3,434680,4060009880,4060687420,0.6585580553819184,4,2,85.805,2,14,212,33.0,243,2,69,11637
4060687330,9.689669136681168,16148.9,16148.9,1.0,1508.3,1508.3,3,434660,4060009880,4060704410,0.706214062212496,26,6,150.909,4,12,149,44.0,407,10,69,10824
4060687420,11.270266470118637,78452.9,4553.1,17.230656036546527,1508.2,1508.2,2,434670,4060009880,4060704410,0.6571695235400257,26,14,273.318,8,15,123,62.0,436,31,74,11605
4060688400,10.19706347209784,26823.3,18312.4,1.4647615823158078,1930.9,1930.9,2,434697,4060009880,4060679920,0.7781440734331048,8,3,142.295,2,14,179,36.0,249,2,66,11316
4060688510,8.497704514832375,4902.5,4902.5,1.0,1930.7,1930.7,3,434696,4060009880,4060679920,0.7443834076509335,-16,1,80.862,2,27,248,13.0,110,1,88,15255
4060688870,8.821983086968183,6780.7,6780.5,1.0000294963498266,725.6,725.6,4,434284,4060009880,4060690330,0.5895388914465158,-7,54,255.396,6,36,68,77.0,127,8,33,9643
4060689010,10.359255965153537,31546.7,2409.2,13.09426365598539,725.9,725.9,3,434285,4060009880,4060690330,0.6158467473085919,5,49,302.7,7,47,19,95.0,220,4,10,10160
4060689020,10.549042476149204,38139.9,2005.4,19.0185997805924,615.0,615.0,2,434291,4060009880,4060676030,0.7054053691817681,25,88,858.789,23,70,0,100.0,412,6,8,8640
4060689150,10.863643962223517,52241.1,68.3,764.8770131771596,615.1,615.1,3,434281,4060009880,4060676030,0.6078593872070903,28,100,342.467,7,75,0,100.0,439,0,3,8640
4060690330,10.724447304389637,45452.6,7125.2,6.379133217313198,620.3,620.3,3,434283,4060009880,4060689150,0.6187412651594555,15,55,460.236,11,61,5,99.0,316,28,32,8683
4060690450,8.813051745152153,6720.4,6720.4,1.0,620.3,620.3,4,434282,4060009880,4060689150,0.5370362368517516,-13,68,299.159,8,27,85,84.0,109,14,32,8669
4060691530,9.482951952895224,13132.9,13132.7,1.000015229160797,769.5,769.5,4,434286,4060009880,4060689010,0.6810793834442908,32,34,534.991,15,66,13,98.0,485,11,14,10191
4060691810,9.680700187779951,16004.7,566.8,28.236944248412144,769.6,769.6,3,434287,4060009880,4060689010,0.643575972925718,14,80,484.551,10,59,2,100.0,304,2,6,10216
4060693040,10.3817135353934,32263.2,6987.9,4.617009401966256,2882.3,2882.3,2,434947,4060009880,4060764320,0.9229350530692232,25,2,68.469,2,15,231,10.0,388,10,100,16594
4060693050,10.24886289576638,28249.4,28249.4,1.0,2882.1,2882.1,3,434946,4060009880,4060764320,0.8423577914599505,28,1,102.244,2,23,188,45.0,389,0,55,12955
4060693490,9.480314072647031,13098.3,13098.3,1.0,820.0,820.0,3,434289,4060009880,4060691810,0.6192983592998977,9,53,291.238,6,41,33,86.0,260,9,25,10368
4060693500,7.758162585740666,2339.6,2339.6,1.0,819.8,819.8,4,434288,4060009880,4060691810,0.5992198378494058,0,41,375.54,9,37,42,79.0,180,11,33,10229
4060694190,12.055717088439142,172079.4,17568.4,9.794824799071058,67.3,67.3,2,434210,4060009880,4060009880,0.8369931794895136,22,80,624.997,17,58,3,95.0,374,109,100,18821
4060694350,14.365190173803436,1732696.8,2102.1,824.2694448408735,67.1,67.1,1,434301,4060009880,4060009880,0.6004020069077631,3,91,1320.489,51,65,8,82.0,191,2,36,21923
4060696170,9.004508603280568,8138.7,8138.7,1.0,139.3,139.3,2,434302,4060009880,4060694350,0.5959127498349074,10,87,351.219,13,45,17,73.0,256,18,46,11709
4060696300,14.359265510950818,1722461.5,4966.4,346.8229502255155,139.1,139.1,1,434303,4060009880,4060694350,0.5434383403829401,4,83,1634.177,44,50,18,49.0,205,13,77,20477
4060704410,11.574242552859037,106322.6,11720.5,9.071507188259886,1381.9,1381.9,2,434650,4060009880,4060744670,0.6416754678442369,13,13,285.675,8,24,128,67.0,316,7,41,11532
4060704560,10.088002535344804,24051.7,24051.3,1.0000166311176528,1381.7,1381.7,3,434640,4060009880,4060744670,0.7131479156460151,28,27,447.283,11,47,39,88.0,454,8,21,10483
4060709860,10.051980830831926,23200.7,23200.7,1.0,3370.0,3370.0,3,434968,4060009880,4060738860,0.9278904310321668,7,0,6.939,0,1,202,70.0,194,0,30,15825
4060710060,9.681986401743488,16025.3,16025.3,1.0,3370.0,3370.0,2,434969,4060009880,4060738860,0.973400714498216,7,0,5.647,0,1,204,74.0,185,0,26,16930
4060713100,14.345358857884792,1698673.6,985.0,1724.541725888325,245.9,245.9,1,434305,4060009880,4060696300,0.516073797985159,1,90,500.045,21,61,14,86.0,175,3,35,8640
4060713110,9.843238485190284,18829.6,18828.6,1.000053110693307,245.8,245.8,2,434304,4060009880,4060696300,0.5047039427664589,-19,56,290.276,12,32,78,40.0,59,28,100,9606
4060720570,9.431698330067237,12476.7,12476.7,1.0,277.8,277.8,2,434306,4060009880,4060713100,0.4906803341986637,-2,80,660.914,18,49,28,91.0,156,72,96,8640
4060720580,14.337404778180437,1685215.8,14981.5,112.48645329239396,277.7,277.7,1,434307,4060009880,4060713100,0.5342819845898222,-20,55,423.775,15,34,67,65.0,61,29,100,8640
4060732480,8.391425865980748,4408.1,4408.1,1.0,1685.7,1685.7,2,434916,4060009880,4060752740,0.647868373177915,-16,2,118.598,3,21,244,26.0,104,1,75,18020
4060732820,13.778458635283808,963625.1,11578.5,83.22538325344388,1685.7,1685.7,1,434917,4060009880,4060752740,0.6424641743054333,-21,8,194.026,4,28,185,58.0,63,14,57,17536
4060736820,13.760926275262996,946877.7,9737.7,97.23833143350072,1818.3,1818.3,1,434919,4060009880,4060732820,0.6170813042541315,-18,21,339.661,8,48,134,76.0,63,34,60,18290
4060736830,8.549970110930175,5165.6,5165.6,1.0,1818.3,1818.3,2,434918,4060009880,4060732820,0.6835334091579804,-14,17,287.666,9,41,164,64.0,98,5,41,18318
4060738860,10.766554707172284,47407.4,8182.3,5.793896581645748,3228.7,3228.7,2,434967,4060009880,4060780100,0.929829974298041,2,0,12.401,0,2,263,45.0,219,0,55,18318
4060738870,8.567753217027938,5258.3,5258.3,1.0,3228.5,3228.5,3,434966,4060009880,4060780100,0.8791172886625036,-15,0,16.226,0,2,278,53.0,126,0,47,18318
4060744360,9.876260230281645,19461.8,19461.8,1.0,946.7,946.7,3,434620,4060009880,4060748300,0.5717039592129081,5,56,364.959,8,33,39,90.0,214,14,29,11600
4060744670,11.88681183881373,145336.2,14961.3,9.714142487618057,946.7,946.7,2,434630,4060009880,4060748300,0.5819396829811715,13,49,334.605,11,38,41,90.0,295,15,51,11609
4060748300,12.015560235094805,165306.1,508.2,325.27764659582846,902.2,902.2,2,434610,4060009880,4060748320,0.5701329830515378,-8,99,4296.72,54,60,7,100.0,117,76,100,11609
4060748310,14.073229356636926,1293973.9,22235.0,58.19536316617944,902.2,902.2,1,434700,4060009880,4060748320,0.5163498739531928,-12,86,463.9,11,50,24,84.0,120,50,100,11491
4060748320,14.198450808868332,1466589.4,7315.9,200.4660260528438,824.2,824.2,1,434509,4060009880,4060752200,0.5758109232204328,-6,66,854.626,14,47,30,96.0,127,41,100,11562
4060748330,8.418874490547458,4530.8,4530.8,1.0,824.4,824.4,2,434508,4060009880,4060752200,0.582001969067149,-11,59,351.598,8,33,61,85.0,102,16,47,11568
4060750050,8.63755068807997,5638.5,5638.5,1.0,496.8,496.8,2,434308,4060009880,4060720580,0.5434308974564123,-26,44,285.602,10,22,98,62.0,39,12,100,8680
4060750160,14.325107006603943,1664618.3,9011.5,184.72155578982407,496.6,496.6,1,434309,4060009880,4060720580,0.5267809304434088,-22,79,335.938,16,38,41,77.0,80,108,100,9443
4060752200,14.201623141464845,1471249.3,130.3,11291.245587106676,807.9,807.9,1,434507,4060009880,4060752890,0.5805443367599549,-13,100,1913.226,46,55,5,99.0,110,7,100,11609
4060752520,8.081258566491874,3232.3,3232.3,1.0,807.9,807.9,2,434506,4060009880,4060752890,0.5738948002790507,-15,82,355.826,12,54,25,85.0,112,134,100,11609
4060752740,13.796522928467146,981190.5,13357.8,73.4544984952612,1472.4,1472.4,1,434915,4060009880,4060756940,0.6150446510739991,-10,5,184.443,4,16,197,50.0,120,16,67,12126
4060752770,8.107689940974975,3318.9,3318.5,1.000120536386922,790.1,790.1,2,434504,4060009880,4060769140,0.5830422595860192,-20,28,298.566,7,30,94,71.0,51,7,36,11578
4060752870,9.737733985469593,16944.1,16944.1,1.0,1472.4,1472.4,2,434914,4060009880,4060756940,0.5937872088556853,-28,7,148.006,3,15,178,72.0,26,3,32,11634
4060752890,14.203962831682702,1474695.6,215.7,6836.789986091795,790.1,790.1,1,434505,4060009880,4060769140,0.5748341767135716,-15,94,2014.889,59,52,11,100.0,101,49,100,11609
4060756820,8.89918494333876,7325.0,7324.8,1.0000273044997816,1380.8,1380.8,2,434912,4060009880,4060783120,0.6229744925137222,3,31,141.964,3,22,105,86.0,204,18,33,11609
4060756940,13.81547655738626,999965.0,2075.6,481.7715359414145,1380.6,1380.6,1,434913,4060009880,4060783120,0.583842308914988,-2,40,394.021,12,42,26,84.0,155,12,36,11609
4060758850,9.863592211872872,19216.8,19216.8,1.0,4042.2,4042.2,3,434988,4060009880,4060784050,0.9977806436903554,13,0,6.6,0,1,193,77.0,225,0,23,17125
4060758990,10.697818538430388,44258.2,44258.2,1.0,4042.1,4042.1,2,434989,4060009880,4060784050,1.0206719680226628,22,0,5.449,0,1,158,89.0,246,0,11,16997
4060764320,11.312952637052978,81874.3,21360.9,3.8329049805953863,2288.2,2288.2,2,434945,4060009880,4060765830,0.7939922088231104,5,31,355.654,10,43,105,67.0,234,3,37,18025
4060764560,10.569186452136844,38916.0,38915.9,1.0000025696437702,2288.1,2288.1,3,434944,4060009880,4060765830,0.7284000328853151,-7,21,314.599,10,34,147,60.0,153,2,43,17827
4060765830,11.702052975296484,120818.5,28.3,4269.204946996466,2280.0,2280.0,2,434943,4060009880,4060779600,0.650724983350409,3,100,471.688,29,47,47,100.0,191,0,18,18318
4060765990,10.491390877299889,36003.2,36002.5,1.0000194430942295,2280.0,2280.0,3,434942,4060009880,4060779600,0.8471022808198009,9,28,339.521,8,40,134,67.0,252,4,37,18303
4060769140,14.21134907880866,1485628.4,7618.4,195.0053029507508,709.1,709.1,1,434503,4060009880,4060773130,0.5635502092256703,-23,47,509.565,16,29,73,76.0,58,33,71,11540
4060769560,8.567791244179329,5258.5,5258.5,1.0,709.1,709.1,2,434502,4060009880,4060773130,0.544097229373228,-22,40,212.636,8,19,110,68.0,85,34,79,11232
4060773130,14.21643229390359,1493199.4,2322.9,642.8169098971113,622.7,622.7,1,434501,4060009880,4060750160,0.5034723935564372,-24,72,877.334,32,37,59,73.0,54,43,95,9404
4060773260,11.997973482753336,162424.3,1070.7,151.69916876809563,622.9,622.9,2,434410,4060009880,4060750160,0.5036227565093461,-31,88,374.412,22,41,35,90.0,25,212,100,8821
4060774560,13.653387432478697,850335.5,11137.3,76.35023749023551,2060.3,2060.3,1,434930,4060009880,4060736820,0.6271629111027001,-7,63,480.621,12,47,81,75.0,120,21,48,18318
4060774570,11.37135844442127,86798.7,4290.6,20.2299678366662,2060.1,2060.1,2,434921,4060009880,4060736820,0.6092052260338162,-18,26,194.088,6,32,153,52.0,59,3,52,18111
4060779600,11.977799083181624,159180.3,2358.1,67.50362580043254,2187.2,2187.2,2,434941,4060009880,4060774560,0.6422773243607277,-2,69,1574.198,39,55,85,72.0,151,1,32,18318
4060779690,13.42987381211526,680016.5,1260.1,539.6528053329101,2187.4,2187.4,1,434951,4060009880,4060774560,0.6390376890292317,0,47,2330.14,41,53,80,72.0,168,1,32,18318
4060779790,9.46762251353688,12933.1,12932.7,1.000030929349633,2739.9,2739.9,3,434964,4060009880,4060780110,0.9068508107136736,-18,9,131.651,4,18,214,46.0,145,1,55,18318
4060780100,11.254512185073708,77226.6,24561.5,3.1442135048755167,2739.9,2739.9,2,434965,4060009880,4060780110,0.9124494734830222,-14,4,81.929,3,10,254,60.0,169,1,41,18318
4060780110,11.4095917827859,90181.6,21.7,4155.834101382489,2734.7,2734.7,2,434963,4060009880,4060805770,0.9308516077116696,-19,93,1803.364,59,47,21,100.0,154,0,15,18318
4060780120,10.43257049257295,33946.5,33946.2,1.0000088375134772,2734.7,2734.7,3,434962,4060009880,4060805770,0.8689100750163541,-9,15,366.032,9,18,202,56.0,163,1,45,18318
4060783120,13.826668970673795,1011219.9,3925.2,257.6225160501376,1134.2,1134.2,1,434911,4060009880,4060748310,0.4953729419394881,-10,98,633.875,16,53,4,91.0,113,38,87,11374
4060783330,12.47055888777873,260551.3,6993.3,37.25727482018503,1134.2,1134.2,2,434810,4060009880,4060748310,0.4938540041402416,-20,75,483.887,10,42,26,62.0,93,67,100,10241
4060783960,11.508251559270336,99532.7,2030.7,49.013985325257295,666.6,666.6,2,434430,4060009880,4060773260,0.5210200655718243,-23,57,271.271,12,29,57,76.0,37,129,100,8821
4060783970,11.032008096942905,61820.6,1841.6,33.56896177237185,666.5,666.5,3,434421,4060009880,4060773260,0.5223318285353962,-20,94,323.426,16,35,17,90.0,63,356,100,8821
4060784050,11.175213860650056,71339.1,7864.0,9.071604781281792,3934.8,3934.8,2,434987,4060009880,4060828450,1.0468134672111526,5,0,9.634,0,1,220,53.0,222,0,47,18318
4060784200,8.677609912822142,5869.0,5869.0,1.0,3934.8,3934.8,3,434986,4060009880,4060828450,1.0103715274023437,-14,0,7.21,0,1,204,87.0,141,0,13,18318
4060788450,13.417501732561137,671655.1,4852.1,138.42565074916016,2241.6,2241.6,1,434953,4060009880,4060779690,0.6548800160802298,-2,53,522.644,16,48,82,84.0,155,2,20,18076
4060788460,8.86807538975411,7100.6,7100.6,1.0,2241.4,2241.4,2,434952,4060009880,4060779690,0.639759550790985,-7,35,243.108,7,35,155,65.0,121,0,35,13656
4060789820,11.220638137926452,74654.4,11987.3,6.227791078891827,2148.1,2148.1,2,434923,4060009880,4060774570,0.6015779433233956,-24,11,117.274,2,24,166,61.0,33,0,39,12864
4060789960,8.968841894939995,7853.5,7853.5,1.0,2148.3,2148.3,3,434922,4060009880,4060774570,0.622642532167357,-14,25,117.55,1,22,167,73.0,67,0,27,7462
4060791810,9.602010769062158,14793.5,14793.5,1.0,698.3,698.3,3,434440,4060009880,4060783960,0.5211995297645465,-16,39,154.751,5,16,114,56.0,132,23,72,8852
4060791820,11.323087329344611,82708.3,1725.8,47.92461467145672,698.1,698.1,2,434450,4060009880,4060783960,0.4925322391092698,18,90,2028.813,42,55,21,98.0,347,56,100,8821
4060794670,9.97351255785632,21449.7,21449.6,1.0000046620916008,713.5,713.5,4,434422,4060009880,4060783970,0.5639276467849466,-32,50,241.914,10,20,82,38.0,73,51,100,8944
4060794820,10.559195032997058,38529.1,533.2,72.26012753188296,713.5,713.5,3,434423,4060009880,4060783970,0.5219210097654103,-13,100,102.794,2,21,1,99.0,114,481,100,8821
4060795650,11.927753933017966,151410.1,1134.3,133.4832936612889,1186.0,1186.0,2,434830,4060009880,4060783330,0.4889238730715412,-18,100,295.98,5,58,0,81.0,110,66,100,10166
4060795660,11.534189768594937,102148.2,19222.7,5.31393612759914,1186.2,1186.2,3,434821,4060009880,4060783330,0.4915284068150745,-23,64,547.636,13,26,63,44.0,109,5,67,10130
4060801220,10.200152904238951,26906.3,26906.3,1.0,1274.6,1274.6,3,434860,4060009880,4060802670,0.5409097198503652,-20,41,247.355,6,27,107,62.0,49,13,58,10574
4060801370,10.232474702804636,27790.2,27790.2,1.0,2439.9,2439.9,2,434956,4060009880,4060804380,0.8660604975142322,3,54,670.018,19,65,50,95.0,213,4,10,18318
4060801390,11.443447833148827,93287.1,14070.3,6.630071853478604,1274.3,1274.3,2,434870,4060009880,4060802670,0.5131495039050443,-20,46,265.68,5,25,78,49.0,68,21,96,10166
4060801560,13.3359773461384,619071.3,7599.6,81.46103742302226,2439.9,2439.9,1,434957,4060009880,4060804380,0.7209174961155769,0,32,361.105,10,49,95,82.0,173,1,20,18178
4060801670,10.963135495186094,57706.1,17236.6,3.3478818328440645,2251.0,2251.0,2,434925,4060009880,4060789820,0.6067130290158959,-10,11,169.483,3,21,144,54.0,96,0,46,6787
4060801680,8.585001361421432,5349.8,5349.8,1.0,2251.1,2251.1,3,434924,4060009880,4060789820,0.5986880133847156,-29,9,130.911,3,15,168,55.0,16,1,46,14776
4060802670,11.701528087837191,120755.1,562.3,214.75208963186915,1232.1,1232.1,2,434850,4060009880,4060795650,0.4823415769720342,-18,97,565.148,8,43,3,62.0,110,190,100,10166
4060802680,10.292884252465228,29520.8,29520.5,1.000010162429498,1232.2,1232.2,3,434840,4060009880,4060795650,0.4924317484113385,-24,43,365.883,11,25,106,39.0,85,5,71,10099
4060804380,13.38153979685817,647930.2,1070.0,605.5422429906541,2369.2,2369.2,1,434955,4060009880,4060788450,0.6763156071218477,-2,83,632.979,22,56,34,99.0,152,8,14,18318
4060804580,9.845551189113031,18873.2,18872.8,1.0000211945233353,2369.0,2369.0,2,434954,4060009880,4060788450,0.6899945985749506,-2,15,222.183,4,33,158,62.0,152,0,38,9564
4060804900,9.95507380400756,21057.8,21056.9,1.0000427413341944,758.1,758.1,4,434424,4060009880,4060794820,0.6227110537415962,-23,54,283.326,15,28,60,36.0,158,22,100,8927
4060804910,9.737409355176377,16938.6,1557.1,10.878299402735855,757.9,757.9,3,434425,4060009880,4060794820,0.5862867094151696,-23,84,366.039,17,41,18,80.0,130,39,100,8821
4060805770,11.81522468450093,135295.6,11167.7,12.1149028000394,2573.3,2573.3,2,434961,4060009880,4060806110,0.8739991645928903,-8,34,245.833,6,39,112,85.0,178,1,16,18317
4060805930,13.06357957274388,471454.3,234.0,2014.7619658119656,2573.5,2573.5,1,434971,4060009880,4060806110,0.7807107048503928,-1,53,1235.391,28,76,91,100.0,177,1,1,18318
4060806110,13.315953372863232,606798.3,48.4,12537.154958677687,2569.2,2569.2,1,434959,4060009880,4060801560,0.7789781889800558,-3,43,3400.921,43,67,76,100.0,164,0,5,18318
4060806290,8.469849979905717,4767.8,4767.8,1.0,2569.3,2569.3,2,434958,4060009880,4060801560,0.7589919783324923,7,19,297.001,5,50,141,82.0,235,1,19,16538
4060810390,13.030973264089624,456329.8,11167.7,40.861574003599664,2603.3,2603.3,1,434973,4060009880,4060805930,0.8664070927993399,1,5,122.081,2,22,217,54.0,244,1,47,14872
4060810520,9.618827575616669,15044.4,15044.4,1.0,2603.1,2603.1,2,434972,4060009880,4060805930,0.8409640127450637,13,3,220.122,4,25,159,59.0,295,3,44,6800
4060815730,9.872739643587348,19393.4,19393.4,1.0,1588.0,1588.0,3,434880,4060009880,4060801390,0.5756841477801677,-21,14,157.325,5,19,148,44.0,38,2,58,11949
4060815910,11.009664490296505,60454.6,5890.2,10.263590370445826,1587.8,1587.8,2,434891,4060009880,4060801390,0.5549136846903379,-18,19,201.077,8,17,129,39.0,76,10,72,10106
4060816210,7.919828806233008,2750.3,2750.0,1.000109090909091,1017.2,1017.2,4,434428,4060009880,4060817150,0.5978879278411519,-37,42,379.564,17,21,108,52.0,94,3,51,9686
4060816400,7.7221018749439265,2256.7,2256.7,1.0,1017.4,1017.4,3,434429,4060009880,4060817150,0.6007504486661402,-38,40,411.365,20,19,123,41.0,86,2,61,11151
4060817150,9.439871479348431,12579.1,7572.3,1.661199371393104,844.2,844.2,3,434427,4060009880,4060804910,0.6137044551623699,-37,35,308.852,16,21,88,49.0,103,6,57,8922
4060817380,8.969185587860121,7856.2,7855.9,1.0000381878588067,803.4,803.4,3,434460,4060009880,4060791820,0.5342266680352129,-10,51,276.685,12,32,55,61.0,187,5,44,8822
4060817390,11.19996113945763,73126.6,16943.1,4.316010647402188,803.4,803.4,2,434470,4060009880,4060791820,0.5587406665732123,-18,55,325.648,17,30,58,48.0,168,6,61,8821
4060817400,7.93905186036538,2803.7,2803.7,1.0,844.3,844.3,4,434426,4060009880,4060804910,0.6185144482288406,-36,33,171.841,9,17,106,24.0,96,5,81,9010
4060818780,12.156326574627444,190293.2,86190.4,2.2078236091258425,4121.8,4121.8,1,434995,4060009880,4060837170,1.0287899335008712,30,0,5.777,0,1,188,79.0,300,1,22,11565
4060818790,9.409854944840625,12207.1,12207.1,1.0,4121.6,4121.6,2,434994,4060009880,4060837170,1.0731931705989528,20,0,4.963,0,1,226,66.0,286,1,35,17065
4060828450,11.326010173113296,82950.4,5743.1,14.443488708188957,3724.6,3724.6,2,434985,4060009880,4060869520,1.0634042710476064,3,0,5.82,0,1,268,38.0,271,0,62,18318
4060828460,9.85818156157973,19113.1,19113.1,1.0,3724.6,3724.6,3,434984,4060009880,4060869520,1.082357311133646,10,0,27.158,0,4,182,46.0,298,3,57,16887
4060830030,10.757438943302652,46977.2,6908.3,6.800110012593546,1678.5,1678.5,2,434893,4060009880,4060815910,0.5257261387125192,-23,22,195.874,11,15,136,47.0,84,3,57,10166
4060830110,8.934323331054905,7587.0,7587.0,1.0,1678.5,1678.5,3,434892,4060009880,4060815910,0.5564947417703476,-12,28,182.139,6,15,125,34.0,104,1,67,7695
4060835350,8.881058224600306,7193.4,7193.4,1.0,1374.5,1374.5,4,434822,4060009880,4060795660,0.4521754979203282,-25,86,515.524,19,35,70,34.0,75,5,71,10166
4060835360,11.234979839113867,75732.8,10666.7,7.099927812725585,1374.7,1374.7,3,434823,4060009880,4060795660,0.4419937303843474,-28,48,529.361,16,23,60,34.0,65,2,68,9826
4060837170,12.296495903761103,218926.5,16429.0,13.325613244871873,3776.7,3776.7,1,434993,4060009880,4060872820,0.973297456605869,8,0,21.987,1,3,220,37.0,260,0,63,6737
4060837180,9.536603529986198,13856.8,13855.9,1.0000649542794044,3776.5,3776.5,2,434992,4060009880,4060872820,1.1027624791345203,9,0,5.064,0,1,215,51.0,257,2,51,16602
4060847380,12.976319515021604,432058.9,16407.9,26.33237038255962,2913.0,2913.0,1,434975,4060009880,4060810390,0.9592602264555624,10,1,120.191,2,17,200,62.0,356,1,40,13363
4060847390,9.5033084488572,13403.0,13403.0,1.0,2912.8,2912.8,2,434974,4060009880,4060810390,0.9091054544290929,20,3,161.893,3,22,133,62.0,384,2,40,6395
4060853610,10.43164510688045,33915.1,16462.6,2.0601302345923487,2591.5,2591.5,2,434927,4060009880,4060801670,0.6839199301427595,-6,17,321.31,9,36,99,41.0,129,7,69,5509
4060853730,8.788166445804755,6555.2,6555.2,1.0,2591.5,2591.5,3,434926,4060009880,4060801670,0.684858619623671,-11,15,520.67,10,21,109,77.0,100,1,24,5509
4060855410,9.2483776928893,10386.7,10386.7,1.0,1864.7,1864.7,3,434896,4060009880,4060857710,0.5637639601661837,-7,34,187.206,6,13,118,45.0,132,1,56,7185
4060855550,10.135796968674631,25229.2,702.9,35.893014653578035,1864.5,1864.5,2,434897,4060009880,4060857710,0.5476414169995096,-10,22,196.528,9,12,87,29.0,140,0,71,10166
4060856600,9.243233415278208,10333.4,10333.4,1.0,1520.6,1520.6,4,434824,4060009880,4060835360,0.4536652103032773,-29,37,215.098,8,16,97,28.0,68,3,75,10121
4060856770,10.910251329573706,54733.6,1295.8,42.239234449760765,1520.8,1520.8,3,434825,4060009880,4060835360,0.4151237437469958,-26,69,364.274,14,24,51,47.0,60,5,60,10166
4060857280,9.783329198042276,17734.6,17734.2,1.0000225552886512,1906.8,1906.8,2,434899,4060009880,4060855550,0.5934110662474469,-10,11,148.159,3,10,139,48.0,116,0,52,5716
4060857570,8.823647949191303,6792.0,6792.0,1.0,1906.8,1906.8,3,434898,4060009880,4060855550,0.5524523195864726,-16,15,111.652,3,7,112,27.0,107,1,74,9486
4060857710,10.487157421718036,35851.1,235.5,152.23397027600848,1840.4,1840.4,2,434895,4060009880,4060830030,0.5371060278344524,-14,37,249.532,4,12,147,14.0,123,0,86,10166
4060857900,8.347258598433172,4217.6,4217.6,1.0,1840.4,1840.4,3,434894,4060009880,4060830030,0.5247559572746769,-24,17,97.999,2,13,147,23.0,73,2,79,10141
4060859240,9.115612022875542,9095.2,9095.1,1.0000109949313367,1013.1,1013.1,3,434480,4060009880,4060817390,0.5050170825625455,-25,48,184.151,11,19,90,33.0,114,4,71,8829
4060859250,10.759813819642224,47088.9,86.5,544.3803468208092,1013.3,1013.3,2,434491,4060009880,4060817390,0.586636886752282,-16,88,1036.84,54,20,40,57.0,195,0,50,8821
4060861310,8.031287796610469,3074.7,3074.7,1.0,1025.1,1025.1,3,434492,4060009880,4060859250,0.6003700382912139,-23,23,104.801,5,10,97,15.0,163,1,86,8821
4060861390,10.690329973223369,43928.0,9167.1,4.791918927468883,1025.3,1025.3,2,434493,4060009880,4060859250,0.5434948386329208,-23,29,178.725,7,17,96,50.0,130,9,60,8852
4060863830,10.63728951363685,41658.7,20299.1,2.0522436955333,1579.2,1579.2,3,434827,4060009880,4060856770,0.4729689843204316,-20,54,401.036,17,26,70,47.0,132,3,59,10165
4060863840,9.374141479132758,11778.8,11778.7,1.0000084899012622,1579.1,1579.1,4,434826,4060009880,4060856770,0.4866270017059368,-25,35,302.644,14,15,100,37.0,100,15,78,10156
4060867040,9.27120966973937,10626.6,10626.6,1.0,2784.2,2784.2,3,434928,4060009880,4060853610,0.781383832674027,-1,7,313.315,7,39,136,70.0,164,1,31,5573
4060867050,8.867934566501141,7099.6,7099.6,1.0,2784.1,2784.1,2,434929,4060009880,4060853610,0.803167324785865,-9,13,324.46,9,35,126,68.0,142,2,34,5509
4060869520,11.669137447424168,116906.4,14843.4,7.875985286389911,3365.3,3365.3,2,434983,4060009880,4060872680,1.0302075570420015,5,1,29.831,0,6,255,46.0,331,4,58,17421
4060869640,9.31148802598103,11063.4,11063.4,1.0,3365.1,3365.1,3,434982,4060009880,4060872680,0.9957636203755048,7,0,148.514,3,13,198,54.0,348,5,51,18318
4060872680,11.761240733598006,128185.4,215.6,594.551948051948,3348.7,3348.7,2,434981,4060009880,4060894110,1.0210959905073818,32,1,99.014,6,9,187,53.0,614,0,47,18318
4060872820,12.456651192005356,256952.7,24955.7,10.29635313776011,3348.5,3348.5,1,434991,4060009880,4060894110,0.9938563032831836,20,1,111.455,4,10,178,52.0,444,5,57,7281
4060882890,12.909094163956883,403968.3,8349.8,48.38059594241778,3106.7,3106.7,1,434977,4060009880,4060847380,1.0268067886575605,21,1,95.711,1,10,168,50.0,470,1,52,13264
4060883040,9.366223835380763,11685.9,11685.9,1.0,3106.8,3106.8,2,434976,4060009880,4060847380,0.948700399608882,16,9,430.009,10,14,124,43.0,384,28,90,6537
4060884430,9.12995427201693,9226.6,9226.6,1.0,1861.0,1861.0,4,434828,4060009880,4060863830,0.5393458769875761,-26,36,175.437,7,17,119,40.0,95,2,62,9030
4060884440,9.40379143211288,12133.3,12133.3,1.0,1861.0,1861.0,3,434829,4060009880,4060863830,0.5541290278551769,-24,22,188.009,9,14,125,36.0,117,4,68,10110
4060893870,8.87269745037063,7133.5,7133.5,1.0,1284.5,1284.5,2,434499,4060009880,4060896610,0.6279773475552475,-26,29,209.931,11,12,86,35.0,162,3,68,9014
4060893880,8.959195929246913,7778.1,7778.0,1.0000128567755209,1284.7,1284.7,3,434498,4060009880,4060896610,0.6191752706069175,-24,10,190.055,10,10,93,33.0,147,2,69,9345
4060894110,12.864457041590928,386332.8,1195.4,323.18286765936085,3254.8,3254.8,1,434979,4060009880,4060882890,1.0230142082720906,35,1,138.862,6,8,158,80.0,651,1,21,17292
4060894390,9.136489289900302,9287.1,9286.9,1.0000215357115938,3254.8,3254.8,2,434978,4060009880,4060882890,0.9761646219691458,30,0,140.746,3,12,122,55.0,558,4,49,6683
4060896610,9.852215310558552,18999.4,4087.6,4.6480575398767,1232.1,1232.1,2,434497,4060009880,4060897210,0.5962236247202791,-22,19,270.216,13,13,89,61.0,157,5,44,8821
4060896760,8.965181246604292,7824.8,7824.7,1.0000127800426857,1231.9,1231.9,3,434496,4060009880,4060897210,0.6282159060252369,-25,25,172.145,9,11,93,41.0,121,1,60,8839
4060897200,8.952307712547396,7724.7,7724.7,1.0,1211.6,1211.6,3,434494,4060009880,4060861390,0.5795825027365124,-25,18,254.458,10,12,114,49.0,109,7,58,8929
4060897210,10.204980070261314,27036.5,212.1,127.47053276756247,1211.7,1211.7,2,434495,4060009880,4060861390,0.5862580980709852,-18,52,1836.884,34,17,74,71.0,165,0,31,8821
