"source_id","source_name","provider","official_url","locked_product_or_version","role_in_hydroreskit","spatial_unit_or_resolution","temporal_coverage_or_resolution","access_method","license_or_terms","required_attribution_or_citation","redistribution_decision","known_limitations","audit_status","audit_date","verification_sources"
"hydrobasins","HydroBASINS","HydroSHEDS / WWF","https://www.hydrosheds.org/products/hydrobasins","HydroBASINS v1.c; Asia standard package hybas_as_lev01-12_v1c.zip; Yangtze demo uses level 6 standard polygons","Sub-basin geometry, Pfafstetter topology, and boundary IDs","12 nested global sub-basin levels derived from 15 arc-second HydroSHEDS; demo uses level 6 polygons","Static","Official HydroSHEDS vector download; local preparation script selects MAIN_BAS = 4060009880","HydroSHEDS/HydroBASINS License Agreement; free for scientific, educational, and commercial use, but redistribution and attribution follow the product license agreement","Lehner, B., Grill, G. (2013). Global river hydrography and network routing: baseline data and new approaches to study the world's large river systems. Hydrological Processes, 27(15), 2171-2186. Data available at www.hydrosheds.org.","Do not redistribute raw global HydroBASINS packages in the repository. Release scripts, checksums, processing logs, and derived basin-level indicators. Small demo boundaries should be released only with explicit HydroSHEDS attribution and license notice.","Level choice affects interpretation; lake/endorheic topology requires care; source quality is lower above 60 degrees north; large files.","verified","2026-06-01","https://www.hydrosheds.org/products/hydrobasins | https://data.hydrosheds.org/file/technical-documentation/HydroBASINS_TechDoc_v1c.pdf"
"hydroatlas","HydroATLAS / BasinATLAS","HydroSHEDS / WWF","https://www.hydrosheds.org/hydroatlas","HydroATLAS v1.0; BasinATLAS level 06; GEE dataset WWF/HydroATLAS/v1/Basins/level06 used for Yangtze export","Static hydro-environmental attributes mapped to resilience indicators","HydroBASINS sub-basin attributes; demo uses 186 Yangtze level-6 HYBAS_ID units","Static long-term attributes","Official HydroATLAS download or Google Earth Engine export; scripted local export writes a Yangtze subset before indicator mapping","Creative Commons Attribution 4.0 International (CC-BY 4.0) for HydroATLAS database; technical documentation notes attribute-column licensing under CC-BY 4.0 or ODbL 1.0 where applicable","Linke, S., Lehner, B., Ouellet Dallaire, C., Ariwi, J., Grill, G., Anand, M., Beames, P., Burchard-Levine, V., Maxwell, S., Moidu, H., Tan, F., Thieme, M. (2019). Global hydro-environmental sub-basin and river reach characteristics at high spatial resolution. Scientific Data, 6, 283. https://doi.org/10.1038/s41597-019-0300-6","Do not redistribute raw global BasinATLAS files. Release the HydroResKit-derived Yangtze indicator table with HydroATLAS attribution, processing formulas, and source-column metadata. Keep the Earth Engine regeneration script as an optional route.","Static attributes are not event records; many indicators are proxies; source variables come from multiple original products; Earth Engine requires user authentication for regeneration.","verified","2026-06-01","https://www.hydrosheds.org/hydroatlas | https://developers.google.com/earth-engine/datasets/catalog/WWF_HydroATLAS_v1_Basins_level06 | https://data.hydrosheds.org/file/technical-documentation/HydroATLAS_TechDoc_v10_1.pdf"
"era5_land_monthly","ERA5-Land monthly averaged data from 1950 to present","Copernicus Climate Change Service / ECMWF","https://cds.climate.copernicus.eu/datasets/reanalysis-era5-land-monthly-means","CDS ERA5-Land monthly averaged data; DOI 10.24381/cds.68d2bb30; publication date 2019-06-23; CDS update checked 2026-05-06","Hydro-climatic hazard and water-stress indicators","0.1 x 0.1 degree regular lat-lon in CDS; native ERA5-Land HRES about 9 km","Monthly averages from 1950 onward; source hourly fields also exist","CDS web/API retrieval scripts; user must accept CDS/Copernicus terms","CC-BY licence in the CDS catalogue; users must cite the CDS catalogue entry and provide clear visible attribution to Copernicus","Munoz Sabater, J. (2019). ERA5-Land monthly averaged data from 1950 to present. Copernicus Climate Change Service (C3S) Climate Data Store (CDS). https://doi.org/10.24381/cds.68d2bb30. Also cite Munoz-Sabater et al. (2021), Earth System Science Data, 13, 4349-4383, https://doi.org/10.5194/essd-13-4349-2021 when discussing dataset methods.","Do not redistribute large raw NetCDF/GRIB files. Release retrieval scripts, requested variables, temporal window, spatial bounding box, and derived basin-level indicators if used.","Reanalysis uncertainty; monthly means do not capture sub-daily extremes; accumulated variables need unit conversion; known issue affected accumulated monthly fields from 2022-09 to 2024-02, outside the current 2010-2020 demo window.","verified","2026-06-01","https://cds.climate.copernicus.eu/datasets/reanalysis-era5-land-monthly-means | https://confluence.ecmwf.int/pages/viewpage.action?pageId=462906181"
"mod13q1","MODIS/Terra Vegetation Indices 16-Day L3 Global 250m SIN Grid","NASA EOSDIS LP DAAC / USGS","https://www.earthdata.nasa.gov/data/catalog/lpcloud-mod13q1-061","MOD13Q1.061; DOI 10.5067/MODIS/MOD13Q1.061","Vegetation condition, sensitivity, and recovery indicators","250 m global sinusoidal grid","16-day composites; Terra MODIS record, product-dependent availability","NASA Earthdata / LP DAAC / Earthdata Cloud / optional Earth Engine collection MODIS/061/MOD13Q1","MODIS data and products acquired through LP DAAC have no restrictions on subsequent use, sale, or redistribution; cite product DOI","Didan, K. (2021). MODIS/Terra Vegetation Indices 16-Day L3 Global 250m SIN Grid V061 [Data set]. NASA EOSDIS Land Processes DAAC. https://doi.org/10.5067/MODIS/MOD13Q1.061","Raw MODIS granules should not be bundled because of size. Release scripts, QA rules, and derived basin-level NDVI/EVI indicators if used.","Clouds, aerosols, snow, view geometry, and phenology affect NDVI/EVI; QA masks and compositing choices must be documented.","verified","2026-06-01","https://developers.google.com/earth-engine/datasets/catalog/MODIS_061_MOD13Q1 | https://www.usgs.gov/index.php/centers/eros/data-citation"
"jrc_gsw","JRC Global Surface Water","European Commission Joint Research Centre / Google Earth Engine","https://developers.google.com/earth-engine/datasets/catalog/JRC_GSW1_4_GlobalSurfaceWater","JRC Global Surface Water v1.4; Earth Engine JRC/GSW1_4 products","Surface water capacity and water recovery indicators","30 m Landsat-derived global layers","1984-2021 mapping layers; monthly history and derived occurrence/change products","Google Earth Engine or JRC download","Produced under the Copernicus Programme; free of charge without restriction of use; proper acknowledgement and citation required; map attribution: Source EC JRC/Google","Pekel, J.-F., Cottam, A., Gorelick, N., Belward, A. S. (2016). High-resolution mapping of global surface water and its long-term changes. Nature, 540, 418-422. https://doi.org/10.1038/nature20584","Do not redistribute global rasters. Release scripts, aggregation rules, and derived basin-level water indicators if used.","30 m surface-water detection has sensor and seasonality limits; event-window recovery indicators require careful monthly interpretation.","verified","2026-06-01","https://developers.google.com/earth-engine/datasets/catalog/JRC_GSW1_4_GlobalSurfaceWater | https://developers.google.com/earth-engine/datasets/catalog/JRC_GSW1_4_Metadata"
"worldpop","WorldPop Global Project population data","WorldPop / University of Southampton","https://hub.worldpop.org/","WorldPop Global Project estimated residential population; Earth Engine collection WorldPop/GP/100m/pop if used","Population exposure indicators","Approximately 100 m population grids","Annual/product-dependent; Earth Engine catalog lists 2000-2021 for WorldPop/GP/100m/pop","WorldPop Hub/API, official downloads, or Earth Engine","WorldPop datasets are licensed under Creative Commons Attribution 4.0 International (CC-BY 4.0); clear attribution required","Use product-specific WorldPop Hub recommended citation for the exact country/product/year. General methodological citation: Tatem, A. J. (2017). WorldPop, open data for spatial demography. Scientific Data, 4, 170004. https://doi.org/10.1038/sdata.2017.4","Release scripts and derived basin-level population indicators; do not bundle large global rasters.","Population gridding uncertainty depends on census inputs, ancillary covariates, and model version; product-specific metadata must be retained.","verified","2026-06-01","https://hub.worldpop.org/ | https://developers.google.com/earth-engine/datasets/catalog/WorldPop_GP_100m_pop"
"ghsl","Global Human Settlement Layer","European Commission Joint Research Centre","https://human-settlement.emergency.copernicus.eu/","GHSL Data Package R2023A; selected products GHS-POP R2023A and GHS-BUILT-S R2023A when used","Population, built-up, settlement, and exposure indicators","Product-dependent: 100 m, 1 km, 3 arcsec, 30 arcsec; built-up surface products include 100 m/1 km and selected high-resolution products","Multitemporal 1975-2030 at 5-year intervals for R2023A core products","GHSL data portal direct download or tiles","CC-BY 4.0; reuse authorized with proper acknowledgement; generic website citation is insufficient, product and methodology citations are required","For population: Schiavina, M., Freire, S., Carioli, A., MacManus, K. (2023). GHS-POP R2023A - GHS population grid multitemporal (1975-2030). European Commission, JRC. https://doi.org/10.2905/2FF68A52-5B5B-4A22-8F40-C41DA8332CFE. For built-up: Pesaresi, M., Politis, P. (2023). GHS-BUILT-S R2023A - GHS built-up surface grid, derived from Sentinel2 composite and Landsat, multitemporal (1975-2030). European Commission, JRC. https://doi.org/10.2905/9F06F36F-4B11-47EC-ABB0-4F8B7B1D72EA. Also cite Pesaresi et al. (2024), International Journal of Digital Earth, 17(1), https://doi.org/10.1080/17538947.2024.2390454.","Release scripts and derived basin indicators; do not bundle large source rasters.","Definitions differ by product and epoch; built-up and population products may use modeled estimates and projections; choose estimate years only unless projections are explicitly needed.","verified","2026-06-01","https://human-settlement.emergency.copernicus.eu/GHSLhowToCite.php | https://human-settlement.emergency.copernicus.eu/datasets.php"
"esa_worldcover","ESA WorldCover","European Space Agency / WorldCover consortium","https://esa-worldcover.org/en/data-access","ESA WorldCover 2021 v200 as primary; 2020 v100 optional for comparison","Land-cover fractions for exposure, sensitivity, and adaptive-capacity indicators","10 m global land-cover maps","2020 and 2021 maps; annual composites for 2020 and 2021","ESA WorldCover download/cloud access","Free of charge without restriction of use under Creative Commons Attribution 4.0 International (CC-BY 4.0); acknowledgement and data citation required","For 2021: Zanaga, D., Van De Kerchove, R., Daems, D., De Keersmaecker, W., Brockmann, C., Kirches, G., Wevers, J., Cartus, O., Santoro, M., Fritz, S., Lesiv, M., Herold, M., Tsendbazar, N. E., Xu, P., Ramoino, F., Arino, O. (2022). ESA WorldCover 10 m 2021 v200. https://doi.org/10.5281/zenodo.7254221. For 2020: Zanaga et al. (2021). ESA WorldCover 10 m 2020 v100. https://doi.org/10.5281/zenodo.5571936.","Release scripts and derived basin-level class fractions; raw global tiles are not bundled.","2020 and 2021 products use different algorithm versions, so interannual change should not be interpreted directly without caution.","verified","2026-06-01","https://esa-worldcover.org/en/data-access"
"black_marble","NASA Black Marble VIIRS VNP46 product suite","NASA LAADS DAAC / NASA VIIRS Land Science Team","https://blackmarble.gsfc.nasa.gov/","Collection 2.0 product suite; VNP46A2.002 daily and VNP46A3.001 monthly if used","Night-time light exposure, economic activity, and recovery proxies","15 arc-second / about 500 m linear lat-lon grid","VNP46A2 daily from 2012 onward; VNP46A3 monthly composites; product-dependent latency and availability","NASA LAADS DAAC / Earthdata; Earthdata login/token may be required for download","NASA/LAADS data products are provided without monetary charge and have no restrictions on subsequent use or redistribution; acknowledgement and citation requested","For VNP46A2: VIIRS/NPP Gap-Filled Lunar BRDF-Adjusted Nighttime Lights Daily L3 Global 500m Linear Lat Lon Grid, Version 2.0, NASA LAADS DAAC, https://doi.org/10.5067/VIIRS/VNP46A2.002. Cite Roman, M. O. et al. (2018). NASA's Black Marble nighttime lights product suite. Remote Sensing of Environment, 210, 113-143. https://doi.org/10.1016/j.rse.2018.03.017. For monthly products, also cite VNP46A3 DOI https://doi.org/10.5067/VIIRS/VNP46A3.001 if used.","Release scripts and derived basin-level radiance indicators; do not bundle raw HDF5 tiles.","Night lights are proxy variables; cloud, snow, aurora, glint, moonlight, gas flares, ephemeral lights, and QA flags must be handled explicitly.","verified","2026-06-01","https://viirsland.gsfc.nasa.gov/Products/NASA/BlackMarble.html | https://ladsweb.modaps.eosdis.nasa.gov/missions-and-measurements/products/VNP46A2/ | https://modaps.modaps.eosdis.nasa.gov/services/faq/LAADS_Data-Use_Citation_Policies.pdf"
